modelo,recall,precision,f1,roc_auc,pr_auc,score_combinado
Random Forest,0.7666666666666667,1.0,0.8679245283018868,0.9998343757238823,0.9917096207953328,0.8172955974842768
Regresión Logística,0.9666666666666667,0.5888324873096447,0.7318611987381703,0.9914871438498958,0.8779090710913774,0.8492639327024185
Red Neuronal,0.9666666666666667,0.9206349206349206,0.943089430894309,0.9989199675700718,0.9761717518924145,0.9548780487804878
